{"cameraMode":{"drawMode":0,"name":"Shaded","section":"Shading Mode"},"sceneLighting":false,"audioPlay":false,"sceneViewState":{"showFog":true,"showMaterialUpdate":false,"showSkybox":false,"showFlares":true,"showImageEffects":true,"showParticleSystems":true},"in2DMode":false,"pivot":{"x":-0.9228052496910095,"y":0.5116127729415894,"z":-0.009684979915618897},"rotation":{"x":-0.14260943233966828,"y":-0.004754297435283661,"z":0.0006859129061922431,"w":-0.9897722005844116},"size":1.294405221939087,"orthographic":false}